,FIPS,state,county,tract,pop_90,hh_90,white_90,total_25_col_9th_90,total_25_col_12th_90,total_25_col_hs_90,total_25_col_sc_90,total_25_col_ad_90,total_25_col_bd_90,total_25_col_gd_90,I_5000_90,I_10000_90,I_12500_90,I_15000_90,I_17500_90,I_20000_90,I_22500_90,I_25000_90,I_27500_90,I_30000_90,I_32500_90,I_35000_90,I_37500_90,I_40000_90,I_42500_90,I_45000_90,I_47500_90,I_50000_90,I_55000_90,I_60000_90,I_75000_90,I_100000_90,I_125000_90,I_150000_90,I_150001_90,hinc_90,ohu_90,rhu_90,mrent_90,mhval_90
55879,49003960100,49,003,960100,2435,667,2435,1179,34,140,533,313,72,70,667,50,45,34,23,24,16,30,39,30,32,41,14,42,35,31,28,14,17,38,32,30,16,4,0,30640,662,532,359,57100
55880,49003960200,49,003,960200,5387,1507,5387,2658,103,325,1043,674,183,278,1507,46,114,58,42,79,62,72,51,81,39,106,74,70,89,98,65,50,29,94,47,88,28,13,6,32618,1507,1294,345,60000
55881,49003960300,49,003,960300,4754,1484,4754,2466,94,297,954,636,122,267,1484,51,119,65,28,48,59,69,33,87,61,54,81,127,87,92,41,36,40,89,38,106,46,8,10,34599,1461,1126,321,61600
55882,49003960400,49,003,960400,4041,1141,4041,2026,105,381,717,479,117,174,1141,42,100,31,28,48,58,49,31,45,64,83,54,43,46,70,73,31,33,67,45,76,13,9,0,32244,1131,952,317,64300
55883,49003960500,49,003,960500,3957,1304,3957,2176,83,296,624,622,189,282,1304,59,129,21,40,79,49,66,45,73,60,83,53,54,78,93,35,39,50,33,60,61,37,0,0,30934,1290,921,322,61900
55884,49003960600,49,003,960600,6266,1892,6266,3429,115,304,859,950,232,679,1892,56,102,63,68,24,24,57,89,86,24,120,144,115,106,97,79,67,53,108,98,187,98,6,2,36935,1889,1527,383,70800
55885,49003960700,49,003,960700,5675,1879,5675,3192,134,462,976,869,117,453,1879,92,131,48,57,77,90,79,45,91,106,139,107,93,79,85,38,56,71,133,78,81,58,30,15,32221,1810,1302,358,65100
55886,49003960800,49,003,960800,3970,1186,3970,2104,80,202,731,574,98,306,1186,27,68,27,30,40,54,75,42,68,53,86,44,68,60,69,26,29,39,68,65,79,44,15,0,33807,1204,999,339,70700
55913,49011125101,49,011,125101,5059,1289,5059,2330,22,161,639,840,184,383,1289,16,26,21,22,37,28,49,48,49,36,61,54,73,65,99,60,52,55,150,70,130,73,4,4,41503,1262,1149,429,89300
55914,49011125102,49,011,125102,3069,820,3069,1606,9,114,303,538,111,347,820,0,17,8,24,11,16,25,12,28,35,31,24,38,18,13,30,6,12,63,44,119,96,78,13,54911,822,749,424,111300
55915,49011125200,49,011,125200,5372,1205,5372,2079,41,71,483,949,164,245,1205,0,6,59,108,210,154,128,117,58,67,56,62,39,18,14,20,14,7,17,13,19,19,0,0,21279,1197,0,381,0
55916,49011125301,49,011,125301,5115,1734,5115,2931,109,475,1095,814,159,209,1734,34,127,48,92,105,66,121,56,109,61,136,100,70,108,49,57,32,78,124,52,103,0,6,0,30882,1701,1198,420,54300
55917,49011125302,49,011,125302,8317,2084,8317,3806,41,299,1144,1329,373,537,2084,8,57,54,65,50,72,76,76,90,82,154,107,124,225,124,104,65,66,164,33,186,78,24,0,37800,2090,1841,513,63400
55918,49011125401,49,011,125401,3268,847,3268,1606,79,132,549,409,132,256,847,18,48,14,17,26,13,13,6,92,62,64,60,47,40,54,61,15,29,6,43,85,24,4,0,34604,846,771,391,75500
55919,49011125402,49,011,125402,5117,1255,5117,2328,10,201,790,787,204,275,1255,0,62,23,26,49,52,72,60,147,60,105,97,37,45,82,37,61,57,27,27,56,59,7,0,31821,1288,1062,400,61600
55920,49011125500,49,011,125500,10208,2918,10208,4785,98,489,1567,1518,428,556,2918,117,186,81,81,107,120,140,168,206,127,145,191,192,187,142,90,79,56,162,90,190,46,15,0,32172,2835,2213,423,64600
55921,49011125600,49,011,125600,1628,22,1628,46,10,0,0,14,0,22,22,0,14,0,0,0,0,0,0,0,0,8,0,0,0,0,0,0,0,0,0,0,0,0,0,8040,32,0,360,0
55922,49011125700,49,011,125700,5965,2154,5965,3259,188,401,1256,1010,182,191,2154,161,235,133,147,85,89,147,87,171,133,138,106,85,81,72,44,5,16,31,33,75,56,24,0,24799,2154,1170,357,57200
55923,49011125801,49,011,125801,5764,1735,5764,2895,91,361,1032,903,197,268,1735,60,59,61,47,85,84,96,93,106,67,177,55,91,80,118,71,70,36,128,59,78,3,11,0,31547,1724,1062,425,59200
55924,49011125802,49,011,125802,9219,3653,9219,4935,151,631,1481,1532,356,547,3653,164,174,154,140,196,244,272,229,298,262,286,154,189,182,140,74,95,63,132,55,101,42,7,0,27127,3731,1749,375,64400
55925,49011125804,49,011,125804,5037,1282,5037,2425,7,63,417,841,238,645,1282,7,0,0,0,11,7,21,28,13,26,46,63,60,26,36,73,45,58,170,111,267,136,53,19,53373,1261,1193,787,94100
55926,49011125903,49,011,125903,8519,2488,8519,4313,122,361,1104,1512,297,605,2488,160,159,52,116,14,46,114,67,129,113,127,90,120,114,72,73,120,83,180,85,239,145,47,0,36187,2491,1887,353,73500
55927,49011125904,49,011,125904,5141,1414,5141,2656,34,154,662,867,235,494,1414,23,32,21,13,34,33,24,24,53,29,81,102,93,56,66,68,45,75,122,71,228,82,9,8,43346,1398,1237,529,88000
55928,49011126000,49,011,126000,7009,2076,7009,3522,97,459,1255,1063,259,313,2076,63,90,107,76,152,127,133,120,131,104,114,78,82,112,75,63,82,44,108,55,130,16,14,0,28438,2060,1624,388,60300
55929,49011126101,49,011,126101,5532,1557,5532,2808,30,197,615,714,199,769,1557,64,116,41,56,36,14,48,47,56,29,70,75,42,53,77,43,40,55,123,69,236,96,25,30,41023,1563,1177,267,86400
55930,49011126102,49,011,126102,5546,1510,5546,2703,22,126,656,861,210,643,1510,28,76,50,65,63,26,85,71,76,63,39,46,57,47,78,47,42,59,128,40,200,57,39,16,38032,1492,1158,387,74000
55931,49011126103,49,011,126103,4351,1036,4351,1919,10,41,310,618,254,493,1036,8,29,0,14,17,5,18,19,42,41,55,42,80,96,101,28,62,50,121,40,100,56,6,0,41287,1063,973,584,86500
55932,49011126104,49,011,126104,912,245,912,426,59,28,57,151,11,77,245,0,11,6,28,8,0,22,14,5,20,6,0,6,0,7,14,6,14,0,15,35,28,0,0,36042,230,207,607,97000
55933,49011126201,49,011,126201,7008,1663,7008,3271,57,166,488,1099,244,877,1663,34,29,45,39,30,54,53,42,33,38,101,71,69,82,73,38,49,57,113,115,230,146,64,36,45026,1691,1399,445,96800
55934,49011126202,49,011,126202,1423,336,1423,636,26,13,75,200,90,142,336,0,0,14,6,0,13,9,5,25,8,0,7,19,29,10,0,7,21,11,25,46,63,11,0,49405,348,312,397,107000
55935,49011126300,49,011,126300,23,7,23,7,0,0,0,7,0,0,7,0,0,0,0,7,0,0,0,0,0,0,0,0,0,0,0,0,0,0,0,0,0,0,0,16250,6,6,0,112500
55936,49011126301,49,011,126301,7328,1631,7328,3183,0,111,589,938,306,903,1631,12,26,5,38,13,60,52,42,30,25,123,72,65,67,93,74,40,50,173,145,251,107,38,10,46156,1662,1562,584,90400
55937,49011126302,49,011,126302,6530,1938,6530,3316,11,250,855,1099,230,570,1938,28,90,49,64,59,130,112,98,77,91,60,82,50,62,92,54,76,39,143,120,252,68,28,10,36450,1946,1512,396,83300
55938,49011126401,49,011,126401,8630,2464,8630,4289,39,307,914,1486,404,755,2464,45,118,89,60,86,40,57,104,119,131,69,145,73,90,122,117,65,84,192,125,313,136,28,17,40123,2529,1726,400,90400
55939,49011126402,49,011,126402,2166,512,2166,1012,0,16,91,259,69,372,512,4,0,0,5,0,10,9,0,5,0,16,0,11,17,0,24,30,26,24,47,71,96,47,20,65030,508,495,953,165500
55940,49011126500,49,011,126500,6531,1791,6531,3513,58,187,676,1019,207,976,1791,11,40,54,44,33,21,22,58,90,94,104,88,84,71,99,54,49,53,154,97,207,188,22,24,42058,1784,1648,527,89300
55941,49011126600,49,011,126600,4566,1604,4566,2577,34,265,803,722,285,347,1604,79,152,66,9,84,78,95,96,124,61,96,120,56,58,52,42,33,49,67,49,107,19,0,0,28279,1602,981,409,66200
55942,49011126700,49,011,126700,3743,1400,3743,2170,75,292,638,627,137,330,1400,81,119,106,89,74,103,80,95,90,52,59,38,60,40,52,12,57,24,43,43,58,8,8,9,23763,1395,713,351,64500
55943,49011126801,49,011,126801,3298,940,3298,1884,23,60,386,598,159,479,940,4,30,10,6,4,39,30,34,0,32,44,38,18,51,34,53,21,24,73,31,156,86,60,27,49792,946,863,422,107800
55944,49011126802,49,011,126802,5555,1390,5555,2877,41,41,555,853,287,781,1390,6,12,14,4,30,14,22,22,64,22,73,28,16,33,53,58,35,40,139,82,289,167,76,39,55556,1446,1363,813,106200
55945,49011126901,49,011,126901,5756,1983,5756,3254,93,314,790,1020,290,549,1983,49,84,93,131,106,139,83,87,123,123,75,100,70,55,81,115,55,72,90,56,114,15,27,31,29461,1996,1221,389,69100
55946,49011126902,49,011,126902,5412,1805,5412,3200,43,311,857,1025,253,517,1805,22,129,46,85,102,33,72,101,141,107,72,43,64,94,114,35,140,15,42,116,142,71,10,9,32240,1767,1190,435,75000
55947,49011127001,49,011,127001,7115,1929,7115,3428,26,298,1142,1009,431,356,1929,53,64,92,27,50,88,69,63,85,81,129,80,65,134,156,60,108,76,97,108,164,53,15,0,37845,1876,1628,384,71900
55948,49011127002,49,011,127002,2709,926,2709,1507,69,267,372,449,115,186,926,49,42,56,49,49,27,66,36,49,36,31,61,48,75,43,26,24,66,24,30,28,11,0,0,30323,856,672,415,64000
55975,49029970100,49,029,970100,4360,1237,4360,2261,39,168,855,636,121,331,1237,52,77,51,27,55,32,70,53,67,50,72,48,58,45,51,45,49,46,41,58,109,54,15,3,33151,1230,1012,363,76800
55976,49029970200,49,029,970200,1168,318,1168,598,12,64,222,153,46,62,318,12,12,6,18,13,12,18,11,20,12,18,15,13,10,37,8,23,0,25,0,21,0,14,0,33667,325,274,256,85600
55980,49035100100,49,035,100100,1458,560,1458,830,125,181,299,165,34,12,560,102,94,90,32,41,40,26,7,15,17,13,15,31,7,0,0,10,12,0,0,8,0,0,0,12333,529,187,275,37500
55981,49035100200,49,035,100200,897,354,897,626,21,14,106,143,11,155,354,0,37,21,0,5,20,13,16,13,0,0,5,18,14,12,11,0,28,12,6,45,50,5,7,43182,349,258,564,163700
55982,49035100302,49,035,100302,150,54,150,132,0,22,43,24,24,5,54,0,0,17,0,0,0,0,24,0,0,0,0,0,0,13,0,0,0,0,0,0,0,0,0,23542,45,45,0,0
55983,49035100303,49,035,100303,177,61,177,103,0,24,62,11,6,0,61,0,5,7,0,0,0,6,5,0,0,0,0,18,0,0,5,0,0,0,0,9,6,0,0,36042,73,48,196,72000
55984,49035100304,49,035,100304,8563,2732,8563,4258,238,697,997,1171,583,435,2732,185,280,172,78,97,87,152,155,162,123,116,154,135,94,116,83,87,57,107,59,116,95,0,13,27469,2786,1126,362,63200
55985,49035100400,49,035,100400,3270,1152,3270,2135,104,359,854,473,186,121,1152,25,87,60,62,31,68,61,95,99,55,52,52,77,59,49,29,37,26,32,30,35,21,5,0,27197,1168,1020,484,53300
55986,49035100500,49,035,100500,5356,2127,5356,3249,125,516,1074,981,211,289,2127,45,202,124,159,152,184,153,132,193,139,88,125,60,27,47,18,79,51,23,8,95,23,0,0,23343,2136,1209,324,50200
55987,49035100600,49,035,100600,4967,1837,4967,3124,406,723,1076,553,102,178,1837,155,243,185,119,116,136,126,68,87,93,83,67,48,55,41,45,51,16,30,45,24,0,4,0,19347,1794,1206,333,45300
55988,49035100700,49,035,100700,2807,1348,2807,1718,181,242,206,508,78,367,1348,198,237,177,71,61,51,68,74,45,35,43,40,35,17,25,7,8,25,27,29,48,20,7,0,14683,1372,300,290,67500
55989,49035100800,49,035,100800,2202,1380,2202,1805,70,193,383,502,120,340,1380,71,209,131,113,93,75,54,80,72,48,58,38,73,17,53,14,28,23,35,20,19,20,17,12,19933,1378,275,356,84600
55990,49035100900,49,035,100900,2252,663,2252,1363,9,6,143,229,46,471,663,22,0,8,0,10,0,13,8,6,10,6,6,16,5,0,24,10,17,36,42,64,157,70,16,78171,674,641,1001,196900
55991,49035101000,49,035,101000,3185,1415,3185,2178,13,90,232,601,165,626,1415,26,69,59,80,58,71,93,102,92,31,61,61,44,24,44,47,51,35,54,38,151,71,23,0,31086,1421,858,380,89100
55992,49035101100,49,035,101100,5031,2914,5031,3440,35,235,522,913,269,847,2914,242,463,288,224,155,155,217,57,218,86,105,26,121,56,69,38,41,12,60,65,73,78,20,8,18871,2937,661,302,81100
55993,49035101200,49,035,101200,3951,2061,3951,2625,7,100,337,609,227,701,2061,157,306,196,89,138,110,107,54,77,44,107,53,69,38,36,24,30,29,90,38,109,96,10,10,20806,2082,805,315,90500
55994,49035101300,49,035,101300,1873,494,1873,937,0,10,54,111,13,352,494,0,0,0,5,0,7,0,6,14,0,6,0,0,8,11,16,14,21,0,8,45,108,53,50,93384,471,424,1001,262500
55995,49035101400,49,035,101400,3648,894,3648,1426,17,23,52,415,124,453,894,127,132,85,71,89,83,57,38,37,25,54,17,15,1,7,26,0,0,16,0,8,0,6,0,15899,870,13,309,37500
55996,49035101500,49,035,101500,3147,1655,3147,1861,57,55,190,437,122,582,1655,214,296,86,104,110,94,111,60,88,60,52,25,59,15,56,14,14,13,26,34,71,46,7,0,17965,1646,319,323,77700
55997,49035101600,49,035,101600,3454,1796,3454,2227,15,114,305,612,126,579,1796,159,222,120,105,153,82,157,77,70,87,102,48,34,82,70,18,8,31,25,25,62,51,0,8,20908,1801,530,367,70100
55998,49035101700,49,035,101700,3102,1702,3102,2005,97,140,322,464,168,488,1702,163,333,277,136,68,70,134,86,62,0,74,44,19,42,12,36,8,10,53,8,17,21,7,4,13934,1685,260,305,60800
55999,49035101800,49,035,101800,2606,1288,2606,1519,57,254,272,486,116,224,1288,128,200,131,91,110,61,95,70,99,50,61,28,21,8,36,21,12,7,16,6,37,0,0,0,17136,1202,307,310,46500
56000,49035101900,49,035,101900,1774,1110,1774,1238,62,201,302,288,36,209,1110,196,243,132,77,62,44,40,12,30,23,60,26,33,16,22,8,6,0,19,11,23,27,0,0,12197,1176,141,278,87000
56001,49035102000,49,035,102000,2572,1169,2572,1433,196,253,385,314,94,144,1169,158,262,132,94,127,53,56,52,31,43,21,24,37,10,10,0,19,0,6,13,9,7,5,0,13364,1072,207,280,45000
56002,49035102100,49,035,102100,1100,759,1100,797,57,117,181,203,65,139,759,175,243,56,31,53,33,56,21,5,0,6,10,0,6,0,5,14,0,6,0,26,5,0,8,8713,819,26,240,151600
56003,49035102200,49,035,102200,578,442,578,518,26,0,134,64,27,169,442,43,65,16,12,14,40,16,23,16,8,8,8,7,34,8,0,0,15,24,10,23,21,0,0,24130,458,174,391,0
56004,49035102300,49,035,102300,2659,1183,2659,1881,145,467,444,459,121,179,1183,230,346,143,47,79,58,26,27,27,55,32,0,7,27,15,0,14,9,18,0,15,8,0,0,10271,1201,151,243,42700
56005,49035102400,49,035,102400,521,164,521,338,56,57,134,59,21,0,164,20,43,13,18,9,0,27,4,13,0,0,0,0,0,7,0,0,0,0,10,0,0,0,0,13333,185,68,327,37000
56006,49035102500,49,035,102500,929,370,929,805,90,222,258,139,26,54,370,122,158,32,13,0,7,10,5,0,0,7,0,0,0,0,0,0,0,16,0,0,0,0,0,6110,360,10,172,37500
56007,49035102600,49,035,102600,3238,1125,3238,2033,267,546,617,361,62,137,1125,111,291,118,110,55,107,38,51,24,13,85,27,17,9,17,5,7,12,2,4,9,13,0,0,13466,1113,610,329,37900
56008,49035102700,49,035,102700,6166,2387,6166,3527,380,961,1135,664,171,147,2387,307,383,174,181,205,132,79,110,176,97,25,31,96,77,17,74,42,0,32,12,100,24,0,0,16811,2408,1185,337,45600
56009,49035102800,49,035,102800,7519,2532,7519,4179,331,1011,1474,795,206,235,2532,132,293,163,142,213,155,140,181,172,155,84,79,91,66,129,24,76,40,78,55,42,13,9,0,22887,2476,1586,402,44900
56010,49035102900,49,035,102900,2744,1141,2744,1756,196,468,445,420,69,87,1141,127,227,118,89,53,83,52,51,56,43,41,13,10,41,37,10,30,14,16,0,12,18,0,0,15448,1135,448,329,42200
56011,49035103000,49,035,103000,2790,1226,2790,1831,148,367,571,367,193,143,1226,96,184,136,125,108,63,79,71,44,44,47,19,44,5,30,35,18,12,34,9,4,10,0,0,16667,1178,664,347,47000
56012,49035103100,49,035,103100,4065,1657,4065,2486,102,491,744,564,169,305,1657,137,127,131,162,162,103,83,103,85,88,64,56,81,79,24,31,0,23,17,11,53,17,11,9,20196,1679,869,336,49300
56013,49035103200,49,035,103200,4506,2039,4506,3036,250,595,882,692,190,328,2039,223,469,185,140,126,82,111,68,77,72,85,95,39,21,31,41,23,29,31,37,33,5,16,0,15050,2065,932,302,45200
56014,49035103300,49,035,103300,3567,1720,3567,2269,117,319,520,613,126,447,1720,129,284,158,91,147,104,96,64,81,71,90,37,56,55,46,36,32,13,51,52,20,7,0,0,18726,1729,699,315,58300
56015,49035103400,49,035,103400,4245,1799,4245,2796,68,279,636,821,189,563,1799,114,204,151,67,75,90,134,103,104,87,81,22,95,47,91,36,41,44,76,36,49,26,18,8,24066,1822,1008,358,59600
56016,49035103500,49,035,103500,4155,1715,4155,2648,82,186,505,567,214,660,1715,71,157,60,63,147,84,74,40,143,34,127,50,37,65,31,39,48,62,60,39,81,119,36,13,28860,1722,986,368,70800
56017,49035103600,49,035,103600,2852,1052,2852,1785,16,49,137,463,77,560,1052,28,47,15,35,34,33,50,26,56,23,35,33,42,35,48,6,29,33,58,45,93,109,71,23,41771,1061,832,481,114000
56018,49035103700,49,035,103700,2634,1195,2634,1854,14,46,257,415,149,544,1195,30,103,18,35,39,49,49,27,57,77,86,32,51,59,45,37,25,47,70,41,100,72,22,0,34648,1093,859,461,86000
56019,49035103800,49,035,103800,2323,925,2323,1523,28,92,286,444,97,340,925,31,53,22,19,43,58,51,44,36,45,62,46,43,36,33,26,33,29,62,49,43,55,6,0,32440,1000,617,401,79600
56020,49035103900,49,035,103900,3601,1423,3601,2313,31,204,516,568,142,497,1423,29,100,66,99,35,108,64,57,31,33,67,61,48,65,70,19,57,67,129,55,99,40,12,5,33422,1416,1083,384,76500
56021,49035104000,49,035,104000,3184,1201,3184,2098,24,39,340,565,125,639,1201,7,66,40,50,64,35,28,67,34,38,64,41,49,51,71,30,60,38,83,35,107,82,28,6,38358,1208,1018,532,97400
56022,49035104100,49,035,104100,3121,1115,3121,1872,4,29,145,443,95,694,1115,29,51,25,21,67,26,53,45,26,29,36,36,40,26,13,54,29,20,26,67,174,108,40,30,44097,1105,863,534,119300
56023,49035104200,49,035,104200,6583,2373,6583,4304,21,72,390,947,143,1493,2373,55,56,63,48,21,75,73,75,46,55,33,69,53,29,72,42,67,27,115,105,311,253,181,125,60280,2375,1943,492,180500
56024,49035104300,49,035,104300,2625,1253,2625,1843,20,75,350,494,133,524,1253,52,75,59,77,63,75,86,79,63,85,67,55,39,11,56,39,35,13,45,30,81,38,17,0,27401,1265,643,413,82500
56025,49035104400,49,035,104400,2111,665,2111,1227,6,38,167,276,66,427,665,23,7,12,6,5,14,48,24,27,14,18,33,10,13,6,6,12,32,41,64,72,46,59,16,52608,659,559,475,151600
56026,49035104500,49,035,104500,1431,558,1431,917,15,102,218,233,42,198,558,18,47,6,11,21,53,43,35,33,40,23,19,16,22,5,22,17,31,12,22,49,5,0,0,28250,512,381,385,80500
56027,49035104600,49,035,104600,1053,445,1053,646,15,76,216,183,44,97,445,29,73,19,39,30,40,13,11,37,16,13,6,22,6,13,5,11,12,35,9,6,0,0,0,19531,510,249,316,51500
56028,49035104700,49,035,104700,4862,1904,4862,3207,80,255,659,975,297,594,1904,63,141,101,44,144,74,124,120,95,52,144,58,45,98,88,37,77,64,57,80,117,49,16,8,29712,1957,1425,435,71600
56029,49035104800,49,035,104800,5031,2120,5031,3365,160,353,755,1064,147,676,2120,52,184,105,128,126,125,107,125,95,147,113,88,110,79,74,102,29,47,63,55,74,71,7,14,27721,2091,1528,394,66900
56030,49035104900,49,035,104900,2945,1195,2945,1794,111,292,539,448,107,235,1195,38,164,136,66,85,94,101,56,60,54,80,13,51,29,21,26,20,12,14,37,38,0,0,0,20359,1213,575,373,49200
56031,49035110102,49,035,110102,4050,1124,4050,2309,21,142,296,699,115,724,1124,29,16,24,13,0,6,11,6,19,18,46,22,21,20,27,7,13,7,72,46,170,215,131,66,71658,1114,905,819,162000
56032,49035110103,49,035,110103,2807,1006,2807,1889,11,68,286,456,93,545,1006,0,24,0,13,22,28,38,35,15,48,35,27,41,21,50,35,30,34,83,34,136,82,73,34,50372,1032,921,559,111700
56033,49035110104,49,035,110104,5481,1790,5481,3581,18,49,425,961,139,1133,1790,16,47,29,31,57,25,18,20,43,24,47,30,39,53,60,40,31,26,119,84,241,261,218,96,62846,1776,1671,675,154400
56034,49035110200,49,035,110200,5262,1812,5262,3298,46,291,819,892,222,653,1812,6,79,80,57,39,92,104,39,79,82,114,87,111,44,125,76,72,50,121,95,164,67,11,0,36081,1807,1501,492,77700
56035,49035110300,49,035,110300,5483,2100,5483,3504,60,377,774,986,211,774,2100,52,172,132,138,88,76,113,70,110,94,109,39,57,110,115,20,77,83,55,93,173,73,25,0,30115,2088,1461,431,72800
56036,49035110400,49,035,110400,6451,2532,6451,4197,150,372,875,1060,231,943,2532,93,242,76,114,189,144,156,121,87,176,85,73,112,31,64,26,43,60,90,91,146,117,101,58,28125,2538,1597,417,96300
56037,49035110500,49,035,110500,6309,2028,6309,3942,60,181,751,971,221,1037,2028,17,70,50,54,97,59,91,91,85,48,57,76,132,55,46,38,36,33,110,112,307,223,91,17,41739,2025,1748,434,94200
56038,49035110600,49,035,110600,5765,1862,5765,3493,45,91,733,926,294,890,1862,40,66,64,37,46,47,103,92,51,80,91,59,56,73,57,30,72,77,80,91,234,185,61,19,41140,1872,1691,538,93000
56039,49035110700,49,035,110700,7078,2606,7078,4470,39,404,1017,1269,213,1092,2606,115,117,141,101,90,182,153,102,146,60,91,155,132,45,135,72,42,106,125,93,193,78,86,0,32581,2556,1738,409,92800
56040,49035110800,49,035,110800,4709,1933,4709,3057,157,168,829,791,178,643,1933,29,156,119,165,104,105,136,94,132,74,81,73,69,45,76,41,29,65,87,18,76,96,27,18,26108,1938,1064,378,95000
56041,49035110900,49,035,110900,4815,1529,4815,2857,33,109,492,910,142,801,1529,15,30,40,38,27,68,45,66,76,33,49,53,53,33,49,44,62,25,91,85,189,193,47,68,46835,1511,1244,566,124000
56042,49035111001,49,035,111001,4642,1475,4642,2710,43,73,453,802,95,810,1475,24,86,43,23,93,38,16,65,38,54,57,43,32,29,28,25,10,49,81,75,182,136,113,22,49209,1402,1153,470,140300
56043,49035111002,49,035,111002,3953,1404,3953,2232,18,84,400,676,198,644,1404,36,72,21,48,41,35,114,58,51,58,84,88,62,39,55,64,58,37,80,68,126,65,15,12,34886,1440,800,443,81600
56044,49035111101,49,035,111101,6418,2520,6418,4292,92,335,1226,1379,350,592,2520,29,233,107,104,88,104,187,134,135,102,106,170,176,29,110,81,103,24,63,98,141,152,8,15,30873,2490,1863,542,83300
56045,49035111102,49,035,111102,5806,2394,5806,3798,25,212,803,1107,271,967,2394,47,119,72,76,154,180,120,75,126,135,116,70,136,117,77,67,66,119,85,57,127,111,69,0,32004,2474,1277,408,93000
56046,49035111103,49,035,111103,5807,2117,5807,3833,42,242,946,1197,268,794,2117,41,79,59,48,65,51,133,90,88,61,72,98,54,81,70,26,86,35,156,168,196,188,91,7,41375,2135,1790,484,99300
56047,49035111200,49,035,111200,6858,2287,6858,3774,30,269,941,1169,274,704,2287,49,154,67,132,50,111,76,106,109,97,169,91,96,70,131,77,103,55,109,66,182,138,19,22,33146,2317,1406,438,79500
56048,49035111302,49,035,111302,7269,2015,7269,3863,89,285,716,1229,234,911,2015,23,35,42,64,47,36,56,44,40,39,75,73,81,65,120,103,95,37,198,158,225,250,71,18,46697,2020,1777,689,89600
56049,49035111303,49,035,111303,6000,1754,6000,3264,37,163,588,1001,288,737,1754,18,48,21,40,12,38,58,44,59,40,79,48,65,81,103,88,81,51,101,90,306,178,42,36,46080,1720,1458,521,93700
56050,49035111304,49,035,111304,3682,970,3682,1858,13,56,305,570,186,505,970,0,22,17,24,21,5,18,33,23,30,41,14,18,13,52,11,59,24,61,69,135,98,106,41,54909,950,770,566,136200
56051,49035111400,49,035,111400,6063,2518,6063,3635,179,685,1267,878,249,263,2518,152,430,184,194,159,204,141,74,104,123,171,69,102,56,104,25,41,21,67,36,31,20,10,0,19216,2550,1050,323,47700
56052,49035111500,49,035,111500,1346,611,1346,778,78,223,189,222,35,18,611,52,95,42,94,33,59,12,24,44,10,14,14,28,0,6,0,8,6,27,5,32,6,0,0,16705,659,169,332,42300
56053,49035111600,49,035,111600,3827,1766,3827,2049,134,508,651,462,85,156,1766,171,339,124,130,163,144,144,79,102,43,78,17,31,50,14,24,29,0,18,20,40,6,0,0,16825,1671,306,357,51200
56054,49035111700,49,035,111700,7149,3002,7149,4212,315,835,1192,1085,292,320,3002,233,514,321,188,156,151,160,171,126,121,161,116,113,64,55,74,63,8,48,93,41,15,0,0,18974,3005,1027,348,58300
56055,49035111800,49,035,111800,6886,2818,6886,4442,104,766,1184,1271,301,621,2818,128,337,171,166,171,146,148,255,300,129,124,86,62,69,40,101,49,58,87,33,65,62,22,0,23892,2774,1519,372,64700
56056,49035111901,49,035,111901,6405,2890,6405,4196,66,403,1148,1269,253,752,2890,102,246,157,155,160,272,108,161,177,109,195,104,99,76,84,104,91,89,123,40,134,45,24,28,26186,2903,933,428,76400
56057,49035111902,49,035,111902,5803,2447,5803,3576,101,342,1012,1093,186,757,2447,106,132,97,82,116,81,194,176,249,149,194,95,52,58,84,79,55,45,140,66,109,65,16,7,27405,2448,1152,398,74400
56058,49035112000,49,035,112000,7068,3292,7068,4561,76,595,1352,1242,296,662,3292,196,273,187,130,300,132,368,193,176,240,91,58,160,46,131,33,101,33,113,84,97,97,30,8,23277,3273,1392,381,74600
56059,49035112100,49,035,112100,7288,2554,7288,3891,70,690,994,1091,216,657,2554,113,130,93,117,158,107,130,160,110,110,196,52,109,160,109,55,56,63,119,95,172,107,14,19,30625,2518,1330,399,84300
56060,49035112201,49,035,112201,4665,1404,4665,2608,64,345,816,748,162,370,1404,17,62,79,29,34,33,32,66,70,73,93,57,103,91,101,43,66,51,97,39,103,26,27,12,36383,1418,1279,496,70900
56061,49035112202,49,035,112202,3400,1361,3400,2186,61,441,762,579,125,183,1361,80,94,115,99,64,94,72,81,68,69,40,68,38,59,56,26,30,31,20,57,70,16,0,0,24429,1354,959,393,58700
56062,49035112301,49,035,112301,3640,1284,3640,2202,42,211,668,628,161,393,1284,60,49,31,81,67,78,71,88,6,46,74,60,69,58,57,14,14,36,70,42,88,51,23,13,32196,1308,911,368,81100
56063,49035112302,49,035,112302,4128,1396,4128,2500,36,225,659,729,179,465,1396,15,58,26,32,93,67,68,73,101,56,74,70,59,43,62,48,37,52,64,33,127,63,14,24,33750,1410,1007,406,79900
56064,49035112401,49,035,112401,6419,2631,6419,3432,341,657,1154,740,156,322,2631,285,374,274,135,151,136,213,219,186,71,128,108,51,40,44,67,67,10,67,5,0,0,0,0,19274,2669,877,343,52200
56065,49035112402,49,035,112402,5327,1866,5327,3034,228,554,1058,645,162,271,1866,102,168,137,118,123,113,137,115,111,75,75,29,88,54,58,54,43,38,56,32,67,33,6,14,23261,1899,1234,374,61300
56066,49035112501,49,035,112501,3410,1123,3410,2004,32,172,558,646,162,299,1123,15,30,25,28,40,27,73,85,54,57,66,55,67,54,60,48,25,55,79,40,93,26,10,5,35243,1128,855,528,71300
56067,49035112502,49,035,112502,5920,2586,5920,3615,73,226,719,1199,271,856,2586,116,106,128,122,116,52,236,114,157,118,181,157,167,96,106,78,58,71,86,124,97,62,20,10,30387,2585,1004,439,70300
56068,49035112503,49,035,112503,3645,1249,3645,1958,67,295,587,566,149,179,1249,50,101,64,38,71,128,67,49,81,72,84,18,56,31,53,41,45,15,29,47,62,25,0,22,26744,1219,697,463,66800
56069,49035112602,49,035,112602,12972,3143,12972,6025,17,169,963,1997,553,1756,3143,26,16,60,16,33,37,28,29,102,105,150,60,201,118,161,144,156,137,260,208,609,326,71,15,49863,3144,2978,747,96100
56070,49035112604,49,035,112604,5213,1372,5213,2620,37,256,964,691,235,303,1372,22,46,43,30,31,78,77,30,65,45,94,62,122,81,94,35,81,50,52,87,95,37,0,7,36291,1356,1152,598,58800
56071,49035112605,49,035,112605,4636,1344,4636,2427,22,293,716,797,211,312,1344,25,64,35,47,29,82,55,42,91,84,51,68,55,83,65,59,29,59,62,104,73,71,0,0,34963,1360,1199,482,65200
56072,49035112606,49,035,112606,7013,1986,7013,3755,47,187,863,1222,221,872,1986,26,77,46,24,52,9,68,86,93,81,84,40,69,48,73,68,99,45,117,104,292,284,52,7,46237,2010,1735,480,97900
56073,49035112607,49,035,112607,7030,1759,7030,3439,0,61,487,1057,243,1144,1759,26,15,11,17,21,47,23,27,30,42,22,32,26,47,84,49,76,47,161,99,244,318,175,34,58775,1715,1635,1001,136300
56074,49035112608,49,035,112608,6446,1540,6446,2996,14,115,586,913,283,718,1540,16,25,17,17,22,13,30,42,48,30,49,94,78,73,29,48,55,58,169,66,264,203,59,25,50668,1591,1416,642,95000
56075,49035112609,49,035,112609,5377,1342,5377,2524,20,83,413,832,228,689,1342,7,13,6,6,7,23,43,29,20,29,60,22,63,66,100,45,117,56,141,66,211,120,49,9,48170,1320,1232,955,89900
56076,49035112610,49,035,112610,3700,1260,3700,1926,105,311,592,502,104,190,1260,53,89,64,66,58,91,65,49,80,67,92,36,75,28,45,22,39,48,35,56,28,66,8,0,28060,1241,670,398,65500
56077,49035112611,49,035,112611,4952,1496,4952,2575,12,209,779,755,167,412,1496,41,41,58,12,63,14,62,26,70,51,126,68,82,43,102,90,57,30,111,128,151,53,0,0,39477,1486,1044,524,71900
56078,49035112612,49,035,112612,3385,966,3385,1751,42,140,540,623,106,209,966,30,82,11,29,0,33,27,20,52,29,28,33,48,73,55,36,30,47,61,46,85,69,28,8,39589,995,750,424,77000
56079,49035112700,49,035,112700,4902,1572,4902,2745,120,371,1021,662,196,254,1572,40,169,83,69,64,113,63,101,79,97,78,79,53,38,47,46,45,63,57,45,105,38,0,0,27629,1585,1053,348,63200
56080,49035112801,49,035,112801,10010,2109,10010,5710,135,1038,1986,1461,382,476,2109,20,101,114,54,123,75,185,105,47,99,133,100,135,70,64,61,87,55,64,50,158,96,43,29,32472,2043,1701,375,90000
56081,49035112802,49,035,112802,7651,1824,7651,3680,42,445,1100,1109,354,425,1824,48,29,23,17,51,64,72,54,130,97,148,88,120,89,114,84,100,74,125,85,108,76,23,0,36896,1844,1631,564,61900
56082,49035112804,49,035,112804,5733,1351,5733,2610,4,83,775,846,253,445,1351,6,10,15,11,13,10,17,11,55,68,83,102,92,109,113,76,86,42,118,85,136,63,11,19,41626,1411,1323,738,81700
56083,49035112805,49,035,112805,3544,866,3544,1629,10,64,284,496,259,331,866,7,18,7,13,22,9,38,28,42,21,15,15,38,38,72,70,38,52,108,76,80,33,18,0,44286,843,793,875,82900
56084,49035112806,49,035,112806,10512,2447,10512,4807,27,178,904,1628,392,1145,2447,17,32,31,15,24,16,32,50,45,52,66,50,96,123,116,79,73,82,238,163,401,305,138,84,54677,2448,2320,750,122100
56085,49035112904,49,035,112904,5420,1261,5420,2289,17,240,696,734,274,274,1261,14,6,13,43,34,54,64,57,88,100,76,77,100,29,69,36,130,57,89,24,68,17,6,5,35112,1307,1208,608,57400
56086,49035112905,49,035,112905,4553,1089,4553,2136,22,161,611,740,206,285,1089,11,21,9,15,19,34,19,32,70,55,69,44,27,84,60,70,58,16,117,48,137,33,13,3,41479,1100,970,389,81600
56087,49035112906,49,035,112906,7975,1805,7975,3443,68,284,1066,1070,343,481,1805,20,65,37,23,25,31,78,115,53,59,119,118,82,89,115,63,137,86,193,93,137,56,5,0,39677,1806,1646,556,77800
56088,49035112907,49,035,112907,5113,1261,5113,2271,99,326,726,554,196,281,1261,18,60,52,41,56,49,68,76,85,66,49,106,72,45,85,46,30,26,71,57,84,13,0,6,32748,1313,974,362,63200
56089,49035112908,49,035,112908,5909,1893,5909,2946,167,357,1078,801,173,295,1893,114,212,94,74,71,58,71,133,100,78,73,63,60,90,108,49,73,65,98,63,88,50,0,8,28125,1867,1167,355,69400
56090,49035112909,49,035,112909,5798,1528,5798,2533,118,272,697,786,311,221,1528,15,78,42,27,132,81,91,100,122,62,74,46,86,60,91,81,79,27,107,23,74,20,0,10,30473,1554,1075,433,59000
56091,49035112910,49,035,112910,4055,1124,4055,1888,55,189,591,585,113,277,1124,27,23,48,8,77,43,51,61,39,133,135,35,97,54,44,20,16,17,76,55,23,35,0,7,30963,1115,941,464,67000
56092,49035112911,49,035,112911,3782,1007,3782,1830,28,165,564,561,127,294,1007,17,57,20,36,17,48,49,43,30,46,27,23,52,26,77,31,48,30,86,79,107,32,26,0,40406,1045,748,413,86600
56093,49035113003,49,035,113003,4678,1055,4678,2114,17,105,610,695,227,349,1055,4,8,11,19,12,6,29,27,27,50,85,47,32,26,70,39,75,40,96,46,172,80,37,14,46183,1074,1012,762,87900
56094,49035113004,49,035,113004,7076,1649,7076,3255,73,279,811,1014,317,557,1649,34,25,26,46,78,55,31,54,60,32,91,59,89,64,96,77,48,66,148,144,195,95,29,0,42096,1667,1476,434,98000
56095,49035113005,49,035,113005,5179,1236,5179,2331,64,163,753,700,225,321,1236,21,41,0,6,45,34,31,35,39,77,102,77,76,42,119,68,40,76,56,80,115,41,6,9,39524,1229,1123,452,77200
56096,49035113006,49,035,113006,6276,1530,6276,2885,64,286,1213,733,248,269,1530,60,59,13,22,39,52,98,72,88,97,117,68,89,81,77,47,60,73,117,57,87,51,0,0,34265,1557,1379,398,69400
56097,49035113100,49,035,113100,8028,2042,8028,3787,95,557,1257,1082,304,405,2042,74,72,54,87,156,70,79,71,148,128,77,150,145,106,152,79,81,29,82,37,96,53,0,0,32583,2071,1812,475,64700
56098,49035113304,49,035,113304,7322,2425,7322,4032,218,661,1210,1078,284,510,2425,174,314,111,96,71,57,102,198,130,118,161,102,22,96,79,106,42,60,86,60,111,78,0,9,26721,2423,1500,365,62000
56099,49035113305,49,035,113305,4603,1613,4603,2465,269,719,878,416,107,70,1613,158,280,91,126,118,134,108,77,90,106,48,50,47,37,14,27,21,13,24,12,15,9,8,0,18125,1608,744,378,42700
56100,49035113306,49,035,113306,4568,2181,4568,2174,43,273,532,747,236,256,2181,198,110,125,106,169,161,255,181,125,98,86,72,68,67,49,53,63,7,35,53,67,33,0,0,22172,2132,374,364,63300
56101,49035113307,49,035,113307,3937,1224,3937,2023,63,436,733,474,204,88,1224,42,104,64,70,80,88,74,49,113,68,88,53,52,34,51,12,39,31,42,26,26,12,0,0,25907,1197,739,430,47200
56102,49035113308,49,035,113308,3795,1190,3795,1923,90,530,653,394,134,99,1190,125,122,43,55,62,69,73,61,51,44,61,67,20,50,29,46,44,32,33,15,77,11,0,0,24385,1197,703,435,49500
56103,49035113402,49,035,113402,6944,1914,6944,3560,58,615,1128,917,287,464,1914,31,81,38,51,70,40,92,90,98,148,155,97,76,88,148,81,73,85,103,90,134,35,0,0,34124,1942,1646,500,62400
56104,49035113403,49,035,113403,5921,1673,5921,3089,121,389,1106,826,197,340,1673,20,42,46,37,74,101,83,81,62,64,133,69,98,75,115,70,64,45,75,85,147,62,25,0,35625,1649,1403,452,63800
56105,49035113405,49,035,113405,2763,736,2763,1340,41,184,422,431,140,102,736,0,10,6,8,8,26,48,16,100,39,57,56,72,29,31,44,28,30,49,19,46,4,10,0,34732,732,680,616,53800
56106,49035113406,49,035,113406,5510,1681,5510,2651,116,600,902,580,231,165,1681,69,182,88,118,112,109,134,87,53,61,111,86,94,43,48,37,13,35,60,51,57,33,0,0,23319,1715,914,369,57900
56107,49035113407,49,035,113407,1709,512,1709,854,27,181,326,225,70,20,512,23,42,6,6,30,31,42,12,31,8,45,26,28,20,45,41,16,10,31,8,6,5,0,0,31389,471,426,344,57400
56108,49035113408,49,035,113408,5999,1431,5999,2651,47,437,833,801,235,236,1431,19,48,43,56,43,85,88,98,67,61,107,127,65,92,69,58,27,18,73,54,85,42,6,0,32510,1448,1235,522,52800
56109,49035113409,49,035,113409,4958,1246,4958,2260,48,338,782,579,246,230,1246,7,31,42,35,15,43,99,68,98,102,94,74,60,88,84,41,35,26,64,27,73,34,6,0,32207,1271,1055,418,57200
56110,49035113505,49,035,113505,6276,1795,6276,3124,72,428,1089,775,378,307,1795,54,148,59,72,99,62,130,96,46,70,100,83,74,73,112,94,55,43,127,84,58,56,0,0,31537,1825,1324,357,62100
56111,49035113509,49,035,113509,2552,967,2552,1414,59,282,407,481,81,89,967,33,93,61,67,46,99,60,60,59,74,64,40,30,26,13,32,25,13,33,5,7,14,7,0,23521,929,686,409,84600
56112,49035113510,49,035,113510,3139,975,3139,1747,18,275,534,489,162,214,975,35,95,27,37,19,39,24,64,33,50,70,13,48,75,35,36,48,32,68,46,45,27,9,0,32304,969,785,478,61000
56113,49035113511,49,035,113511,3928,1161,3928,2130,26,278,793,611,123,244,1161,43,70,36,47,38,52,75,59,112,44,28,27,32,39,26,54,35,62,69,26,123,51,13,0,30402,1138,890,438,64500
56114,49035113512,49,035,113512,2457,1241,2457,1405,13,142,403,412,168,232,1241,48,92,113,78,113,98,111,82,50,86,54,50,31,16,49,20,17,19,6,7,60,34,0,7,21768,1298,265,340,54200
56115,49035113513,49,035,113513,5257,1614,5257,2630,56,352,952,723,257,236,1614,20,75,86,38,102,99,111,59,120,83,88,58,80,58,98,36,26,35,144,84,58,41,15,0,30398,1594,925,396,66800
56116,49035113514,49,035,113514,3917,1745,3917,2249,39,396,717,603,163,254,1745,65,125,137,70,131,124,216,138,168,101,76,47,68,27,54,28,10,20,12,37,41,41,0,9,22582,1700,713,413,82500
56117,49035113515,49,035,113515,3923,1422,3923,2173,67,219,604,681,202,323,1422,38,97,40,30,94,26,64,77,44,55,102,75,67,53,54,52,35,47,99,56,120,66,14,0,33967,1490,1057,367,71800
56118,49035113516,49,035,113516,5463,1327,5463,2372,25,207,744,740,317,299,1327,26,6,7,12,76,34,90,55,132,54,170,86,108,121,81,88,34,48,56,29,14,0,0,0,32544,1336,1282,573,56500
56119,49035113517,49,035,113517,7153,1706,7153,3226,62,471,1043,955,359,268,1706,45,23,18,44,32,78,97,114,63,121,176,76,112,54,133,75,94,66,97,83,79,20,0,6,33882,1763,1477,528,54500
56120,49035113518,49,035,113518,8651,2168,8651,3776,13,378,1210,1247,453,372,2168,31,36,79,0,53,122,76,150,164,180,199,166,192,138,149,86,26,47,101,73,58,20,9,13,32425,2187,2115,532,58300
56121,49035113519,49,035,113519,7336,2042,7336,3531,127,374,1141,1084,305,378,2042,49,67,73,129,102,152,52,97,74,95,129,76,94,118,131,101,95,91,116,86,88,27,0,0,32566,2060,1370,404,63900
56122,49035113520,49,035,113520,4083,1298,4083,2091,51,221,665,545,169,358,1298,29,42,20,41,78,50,49,86,47,92,69,91,85,83,47,37,62,35,77,66,82,24,0,0,33764,1270,844,439,64200
56123,49035113521,49,035,113521,6187,1609,6187,2985,72,397,827,931,378,275,1609,32,27,7,78,76,42,67,60,109,83,97,97,115,103,111,67,100,55,102,57,62,51,11,0,35641,1626,1342,560,60100
56124,49035113522,49,035,113522,3246,815,3246,1580,27,114,452,590,154,202,815,0,12,4,10,16,18,14,9,27,9,47,27,34,52,40,38,38,42,68,79,140,66,9,12,48244,813,771,433,83100
56125,49035113523,49,035,113523,6358,1676,6358,2770,22,164,887,928,396,319,1676,25,22,55,40,62,58,75,118,169,90,213,97,100,48,58,97,85,23,108,35,63,35,0,0,31455,1647,1450,444,59400
56126,49035113524,49,035,113524,7484,1844,7484,3554,83,375,1013,1004,389,499,1844,22,44,9,59,46,31,39,89,33,53,74,76,81,114,85,50,156,93,203,117,214,128,28,0,45272,1838,1680,534,79100
56127,49035113600,49,035,113600,4645,1486,4645,2796,158,608,1030,697,180,74,1486,50,120,67,68,91,103,105,123,102,87,61,75,77,75,53,43,38,29,45,20,29,25,0,0,25392,1490,1257,490,44100
56128,49035113700,49,035,113700,6670,1783,6670,3297,135,654,1205,761,334,170,1783,52,78,85,45,138,118,126,90,143,79,86,168,91,50,107,62,46,48,45,56,48,16,0,6,28022,1816,1537,490,47600
56129,49035113801,49,035,113801,6046,1424,6046,2574,58,420,878,683,271,216,1424,15,50,38,45,85,87,47,96,105,77,92,96,115,92,73,25,46,54,56,40,68,14,0,8,31821,1416,1208,525,48100
56130,49035113802,49,035,113802,3439,1065,3439,1898,114,604,717,265,139,59,1065,39,114,61,67,82,75,78,64,111,75,37,52,46,21,12,21,19,0,41,10,28,6,6,0,23145,1092,839,404,41100
56131,49035113803,49,035,113803,4356,1004,4356,1813,19,264,568,483,314,138,1004,13,13,13,21,45,55,68,77,59,67,82,71,91,41,70,34,58,23,24,43,25,5,6,0,32165,1012,921,570,54100
56132,49035113901,49,035,113901,4951,1667,4951,2804,242,832,873,594,140,92,1667,111,158,133,76,105,70,110,104,178,48,66,66,45,45,75,51,6,52,52,27,42,31,16,0,24195,1675,1261,371,39800
56133,49035113903,49,035,113903,3082,849,3082,1416,24,167,524,402,137,136,849,6,56,15,19,23,81,44,72,77,28,50,50,53,40,52,43,26,12,33,13,43,13,0,0,30175,844,683,400,47700
56134,49035113904,49,035,113904,4591,1273,4591,2291,61,384,887,578,201,131,1273,27,44,36,23,56,43,83,117,72,67,104,88,44,60,72,66,27,5,87,45,70,27,5,0,31647,1267,1052,438,48400
56135,49035113905,49,035,113905,5205,1223,5205,2098,21,249,698,769,138,212,1223,42,38,31,23,77,50,67,86,138,53,78,98,89,69,53,35,51,46,34,14,34,17,0,0,30208,1225,1083,524,45100
56150,49043994100,49,043,994100,3217,1011,3217,1745,58,153,728,498,87,174,1011,31,91,62,40,51,34,57,53,48,56,50,53,52,44,57,40,33,20,38,42,26,11,15,2,29219,1009,812,335,68300
56151,49043994200,49,043,994200,3325,1041,3325,1772,29,227,769,377,151,173,1041,43,117,48,58,67,35,79,49,39,49,49,52,30,54,43,31,26,27,30,31,44,26,11,0,26571,1027,828,387,67300
56152,49043994300,49,043,994300,6171,2020,6171,3651,35,179,421,1049,247,1197,2020,41,35,11,42,73,70,42,58,46,24,77,49,57,55,104,54,56,44,114,129,296,292,92,59,53036,2011,1565,631,155600
56153,49043994400,49,043,994400,2805,1224,2805,1938,25,57,306,636,78,651,1224,19,61,49,42,13,58,95,47,47,33,124,37,66,63,61,11,26,21,49,11,98,90,39,9,34122,1224,548,578,125900
56154,49045130600,49,045,130600,3668,1008,3668,1728,282,239,400,492,103,159,1008,29,68,40,69,80,44,99,45,88,41,41,39,58,28,32,13,35,9,52,47,36,5,10,0,25852,1028,218,342,57600
56155,49045130700,49,045,130700,5320,1532,5320,2837,58,391,1090,751,230,224,1532,32,92,61,50,24,40,63,85,81,66,94,50,96,90,62,59,69,30,113,78,138,52,4,0,35729,1530,1303,376,66800
56156,49045130800,49,045,130800,3818,1203,3818,1965,71,437,670,425,137,165,1203,31,179,50,54,65,52,44,19,87,39,56,66,46,11,33,38,45,36,53,53,112,34,0,0,28814,1203,922,291,57300
56157,49045130900,49,045,130900,2197,818,2197,1231,59,242,469,282,88,67,818,54,100,52,40,45,71,17,36,41,50,37,20,44,23,68,17,15,4,21,12,41,10,0,0,24583,783,546,281,59300
56158,49045131000,49,045,131000,4263,1483,4263,2376,122,516,956,433,115,160,1483,117,97,78,85,63,75,83,77,129,66,56,70,75,76,69,39,29,47,66,34,30,22,0,0,26289,1511,1067,361,56100
56159,49045131100,49,045,131100,4229,1517,4229,2477,37,453,1018,492,135,269,1517,74,93,81,98,48,44,83,69,72,45,105,83,75,86,89,34,47,28,106,32,53,55,12,0,31226,1490,1149,351,62600
56160,49045131200,49,045,131200,3106,1020,3106,1904,58,332,675,480,143,150,1020,34,75,34,22,49,24,45,28,33,13,81,41,72,43,49,29,31,39,61,38,112,60,7,0,36076,1036,822,413,62600
56166,49049000100,49,049,100,8581,2349,8581,4116,95,662,1232,1233,438,278,2349,36,174,136,138,153,132,90,140,77,111,189,113,122,56,75,59,109,79,103,60,138,43,0,0,29718,2328,1818,360,62500
56167,49049000200,49,049,200,12299,3166,12299,5746,111,554,1571,1614,528,982,3166,80,191,111,105,196,108,155,189,133,202,177,127,238,125,132,120,114,59,76,107,213,171,15,13,31596,3228,2555,390,68200
56168,49049000300,49,049,300,455,0,455,344,344,0,0,0,0,0,0,0,0,0,0,0,0,0,0,0,0,0,0,0,0,0,0,0,0,0,0,0,0,0,0,0,0,0,0,0
56169,49049000400,49,049,400,3314,978,3314,1582,46,144,585,430,189,160,978,49,113,89,82,48,48,48,55,69,42,74,16,43,46,12,20,20,15,35,11,13,30,0,0,23045,983,641,368,54900
56170,49049000500,49,049,500,11648,3089,11648,5494,82,721,1502,1546,527,833,3089,82,261,128,83,139,135,197,123,198,90,222,137,235,98,169,75,100,112,182,85,120,78,32,0,31222,3081,2387,376,64700
56171,49049000600,49,049,600,3818,892,3818,1694,62,128,451,456,209,255,892,23,26,18,40,40,18,55,32,71,47,38,39,71,29,37,25,43,17,34,17,86,53,20,6,34936,878,767,407,83800
56172,49049000701,49,049,701,6127,1337,6127,2490,24,126,540,728,326,566,1337,19,52,38,29,25,23,47,66,56,55,126,47,71,73,47,91,46,53,95,60,167,38,0,6,37997,1343,1199,583,72000
56173,49049000702,49,049,702,13670,3204,13670,5737,160,283,987,1772,613,1226,3204,83,185,126,96,81,130,140,90,156,177,181,82,138,105,131,107,185,115,151,122,279,200,63,22,36359,3205,2478,378,82000
56174,49049000800,49,049,800,7927,2281,7927,3759,153,448,939,991,396,557,2281,69,181,95,107,86,150,199,154,145,122,164,96,81,76,116,69,91,54,71,38,55,40,0,0,26716,2280,1532,390,58500
56175,49049000901,49,049,901,4815,1509,4815,2099,41,302,397,670,256,345,1509,100,140,110,126,70,132,137,50,134,81,76,39,54,41,32,54,18,39,27,7,12,25,5,0,21396,1507,506,333,56900
56176,49049000902,49,049,902,5724,1274,5724,2506,33,131,397,850,233,525,1274,12,31,43,63,10,52,57,39,67,38,39,42,65,53,60,52,64,34,101,73,122,94,34,5,41083,1295,1152,557,83200
56177,49049001000,49,049,1000,5602,1482,5602,2852,30,168,526,875,263,634,1482,0,75,59,58,68,65,70,56,72,74,61,51,48,65,54,21,42,38,81,57,171,108,52,17,36667,1517,1285,449,73700
56178,49049001101,49,049,1101,5381,1654,5381,2417,45,165,425,632,316,630,1654,89,144,55,107,132,71,144,124,62,97,67,68,68,56,60,37,32,42,73,25,48,39,0,0,24214,1642,647,367,70700
56179,49049001102,49,049,1102,7570,1726,7570,3250,111,263,488,986,303,682,1726,85,44,34,44,68,32,121,65,49,89,108,64,125,81,113,65,54,50,53,68,181,89,13,0,36200,1780,1477,511,77600
56180,49049001200,49,049,1200,6705,1815,6705,2920,86,179,431,961,339,621,1815,74,110,97,85,66,74,67,80,112,95,107,71,54,50,90,72,68,57,106,56,123,50,27,19,31110,1824,981,344,78200
56181,49049001300,49,049,1300,3409,1049,3409,1761,38,182,262,687,143,295,1049,37,110,49,15,54,58,104,38,49,43,77,22,76,20,51,42,38,9,12,22,44,34,25,10,28110,1061,592,332,72500
56182,49049001400,49,049,1400,8388,2279,8388,3024,46,121,257,1066,291,975,2279,88,210,113,81,87,154,155,157,166,68,106,156,95,86,67,49,51,39,80,79,64,90,9,0,26423,2296,624,545,81400
56183,49049001501,49,049,1501,3785,866,3785,1796,35,63,158,578,88,479,866,5,25,19,49,12,31,28,18,14,37,25,27,41,29,46,22,34,22,30,30,126,72,44,5,45368,876,765,706,112900
56184,49049001502,49,049,1502,7138,2006,7138,3775,7,131,358,958,300,1212,2006,35,94,48,52,57,76,114,53,89,63,51,61,80,49,98,60,76,24,87,138,252,173,74,63,42066,2009,1599,464,105400
56185,49049001600,49,049,1600,12255,1676,12255,1943,6,15,111,823,170,579,1676,117,346,304,184,153,77,145,57,84,28,41,32,37,20,7,24,0,20,0,0,0,0,0,0,13465,1649,0,284,0
56186,49049001700,49,049,1700,6306,1852,6306,2619,8,22,211,844,156,894,1852,117,187,131,51,106,133,111,55,113,57,34,80,41,61,33,60,55,39,45,35,132,77,52,27,25774,1853,817,391,94700
56187,49049001800,49,049,1800,12621,3758,12621,3147,40,92,183,1319,303,880,3758,240,678,456,487,463,244,235,144,113,190,110,95,63,43,56,18,27,10,31,0,47,8,0,0,15097,3736,429,357,62800
56188,49049001900,49,049,1900,3272,1186,3272,1178,38,101,104,508,105,241,1186,104,236,160,112,120,75,61,44,68,38,21,38,43,11,12,5,6,7,0,10,9,6,0,0,14576,1192,200,316,52300
56189,49049002000,49,049,2000,5457,1834,5457,2668,145,414,500,880,295,344,1834,138,272,174,161,122,69,116,86,147,92,39,66,102,31,21,37,27,15,33,28,25,33,0,0,19312,1890,756,313,49100
56190,49049002100,49,049,2100,5816,1472,5816,2805,50,301,457,752,212,673,1472,41,64,44,77,66,60,23,51,54,75,85,53,40,82,32,21,84,58,88,92,170,36,26,21,37591,1495,1181,412,81300
56191,49049002200,49,049,2200,7496,1882,7496,3438,114,403,1006,936,361,435,1882,40,149,92,59,112,90,108,126,144,81,86,52,128,72,93,73,39,50,71,50,102,50,7,4,28148,1940,1484,405,57200
56192,49049002300,49,049,2300,2896,1023,2896,1325,63,217,332,390,107,148,1023,83,206,82,84,91,55,55,36,52,35,64,41,40,6,31,6,0,0,20,31,0,5,0,0,16552,1039,338,312,48700
56193,49049002400,49,049,2400,723,299,723,373,10,69,32,167,60,12,299,33,47,36,25,23,22,11,14,14,7,11,21,19,6,0,0,0,0,0,5,0,0,5,0,15924,284,63,286,39600
56194,49049002500,49,049,2500,3675,1383,3675,1636,90,180,284,482,150,331,1383,155,289,130,111,97,137,62,81,38,40,42,13,47,40,13,10,17,7,6,0,26,16,0,0,15168,1361,341,316,53100
56195,49049002600,49,049,2600,328,0,328,227,25,79,73,26,12,12,0,0,0,0,0,0,0,0,0,0,0,0,0,0,0,0,0,0,0,0,0,0,0,0,0,0,0,0,0,0
56196,49049002700,49,049,2700,4120,1131,4120,1893,40,167,413,610,156,358,1131,62,160,112,34,70,60,47,68,71,35,50,33,36,58,0,29,9,5,56,36,54,41,0,5,23254,1147,641,332,60900
56197,49049002800,49,049,2800,3863,1368,3863,1617,80,225,365,458,190,242,1368,129,170,157,150,83,95,73,66,65,91,63,20,41,26,12,11,29,18,30,15,13,11,0,0,17349,1363,493,314,55400
56198,49049002900,49,049,2900,2542,819,2542,1259,52,170,421,356,93,120,819,50,95,53,52,29,75,41,50,78,50,48,33,37,32,4,13,23,29,0,6,21,0,0,0,23225,823,500,329,59600
56199,49049003000,49,049,3000,3642,1055,3642,1788,36,218,421,574,162,246,1055,38,112,59,45,27,96,54,30,44,28,67,17,55,49,54,41,29,16,49,32,56,44,4,9,29509,1037,764,347,64400
56200,49049003100,49,049,3100,8044,2403,8044,4005,88,433,1023,1267,322,625,2403,62,200,148,128,210,146,216,80,124,124,95,73,107,68,39,75,52,52,119,90,113,36,27,0,25232,2381,1655,354,65700
56201,49049003200,49,049,3200,8957,2538,8957,4245,119,448,1355,1299,402,470,2538,124,160,105,102,168,132,123,90,140,120,164,156,228,126,146,44,81,78,73,61,62,29,26,0,30076,2475,1848,368,59000
56202,49049003300,49,049,3300,2253,737,2253,1181,50,161,478,291,100,92,737,38,64,42,32,20,41,47,39,64,12,58,34,55,35,25,24,8,15,44,17,16,7,0,0,26777,732,511,327,58000
56203,49049003400,49,049,3400,9537,2536,9537,4402,95,738,1478,1138,457,396,2536,131,239,93,153,139,128,166,171,206,85,131,113,78,123,68,115,48,38,91,73,100,39,0,0,25583,2519,1954,351,54500
56204,49049010100,49,049,10100,2434,604,2434,1154,47,124,391,353,71,143,604,10,41,7,23,42,15,50,12,36,17,38,40,56,33,19,31,20,25,26,0,18,34,6,0,33187,625,514,434,67300
56205,49049010201,49,049,10201,7678,1576,7678,3130,49,172,713,1038,337,592,1576,19,50,22,23,44,14,51,71,73,81,95,110,98,67,104,49,49,73,147,37,164,91,20,10,38881,1588,1464,656,88700
56206,49049010298,49,049,10298,5352,1222,5352,2357,56,121,466,716,253,472,1222,34,38,38,34,27,35,35,32,55,42,63,64,25,60,24,60,44,37,70,65,99,123,39,13,42708,1213,1056,411,106300
56207,49049010301,49,049,10301,3715,965,3715,1837,29,173,545,564,155,243,965,17,66,44,43,46,40,52,25,47,45,72,54,41,38,43,23,23,22,49,26,85,29,0,0,31997,976,866,414,86400
56208,49049010302,49,049,10302,520,161,520,316,8,34,95,60,28,56,161,10,8,0,8,8,0,0,0,0,6,8,7,18,15,0,14,8,10,18,0,17,6,0,0,38750,143,117,875,129200
56209,49049010400,49,049,10400,6250,1556,6250,2893,63,299,718,803,275,443,1556,52,120,62,44,41,32,53,81,88,33,98,75,88,93,110,47,26,47,93,64,127,45,7,13,34967,1555,1323,354,75800
56210,49049010500,49,049,10500,5848,1581,5848,2852,117,420,1038,675,292,235,1581,56,175,67,43,112,75,100,54,109,59,78,91,31,85,112,42,56,54,62,60,32,10,12,6,27489,1556,1319,363,58800
56211,49049010600,49,049,10600,1634,438,1634,788,83,122,294,176,63,42,438,15,34,20,44,31,32,27,11,33,17,31,9,22,28,10,21,13,4,11,8,15,0,2,0,25379,463,364,322,53200
56212,49049010793,49,049,10793,0,0,0,0,0,0,0,0,0,0,0,0,0,0,0,0,0,0,0,0,0,0,0,0,0,0,0,0,0,0,0,0,0,0,0,0,0,0,0,0
56213,49049010794,49,049,10794,0,0,0,0,0,0,0,0,0,0,0,0,0,0,0,0,0,0,0,0,0,0,0,0,0,0,0,0,0,0,0,0,0,0,0,0,0,0,0,0
56214,49049010795,49,049,10795,0,0,0,0,0,0,0,0,0,0,0,0,0,0,0,0,0,0,0,0,0,0,0,0,0,0,0,0,0,0,0,0,0,0,0,0,0,0,0,0
56215,49049010796,49,049,10796,0,0,0,0,0,0,0,0,0,0,0,0,0,0,0,0,0,0,0,0,0,0,0,0,0,0,0,0,0,0,0,0,0,0,0,0,0,0,0,0
56216,49049010797,49,049,10797,0,0,0,0,0,0,0,0,0,0,0,0,0,0,0,0,0,0,0,0,0,0,0,0,0,0,0,0,0,0,0,0,0,0,0,0,0,0,0,0
56217,49051992100,49,051,992100,2737,895,2737,1468,69,196,461,297,126,254,895,18,74,70,41,52,32,45,21,33,100,25,26,30,19,31,19,36,13,80,19,23,19,45,6,29037,807,642,410,66600
56218,49051992200,49,051,992200,2141,644,2141,1135,17,80,370,287,95,220,644,27,34,32,16,46,31,33,35,39,25,23,16,43,28,60,10,20,18,24,18,32,19,9,2,30435,632,511,430,76200
56219,49051992398,49,051,992398,1972,567,1972,1005,22,164,335,241,90,103,567,21,42,36,21,31,24,30,21,36,23,43,19,39,28,21,25,13,10,25,12,26,12,0,0,29837,578,473,347,77700
56220,49051992400,49,051,992400,3233,1080,3233,1764,49,304,647,397,129,197,1080,56,84,91,91,89,38,51,56,58,34,77,65,32,21,34,7,40,25,40,31,32,8,7,0,24286,1056,710,388,63600
56221,49051992500,49,051,992500,6,6,6,6,0,0,0,6,0,0,6,0,6,0,0,0,0,0,0,0,0,0,0,0,0,0,0,0,0,0,0,0,0,0,0,5360,1,1,0,0
56222,49051992693,49,051,992693,0,0,0,0,0,0,0,0,0,0,0,0,0,0,0,0,0,0,0,0,0,0,0,0,0,0,0,0,0,0,0,0,0,0,0,0,0,0,0,0
56223,49051992694,49,051,992694,0,0,0,0,0,0,0,0,0,0,0,0,0,0,0,0,0,0,0,0,0,0,0,0,0,0,0,0,0,0,0,0,0,0,0,0,0,0,0,0
56224,49051992695,49,051,992695,0,0,0,0,0,0,0,0,0,0,0,0,0,0,0,0,0,0,0,0,0,0,0,0,0,0,0,0,0,0,0,0,0,0,0,0,0,0,0,0
56225,49051992696,49,051,992696,0,0,0,0,0,0,0,0,0,0,0,0,0,0,0,0,0,0,0,0,0,0,0,0,0,0,0,0,0,0,0,0,0,0,0,0,0,0,0,0
56226,49051992697,49,051,992697,0,0,0,0,0,0,0,0,0,0,0,0,0,0,0,0,0,0,0,0,0,0,0,0,0,0,0,0,0,0,0,0,0,0,0,0,0,0,0,0
56227,49051992698,49,051,992698,0,0,0,0,0,0,0,0,0,0,0,0,0,0,0,0,0,0,0,0,0,0,0,0,0,0,0,0,0,0,0,0,0,0,0,0,0,0,0,0
56239,49057200100,49,057,200100,4062,1376,4062,2475,94,383,916,599,168,238,1376,26,63,37,49,57,106,77,59,89,104,77,67,79,72,36,67,27,61,97,40,57,17,12,0,30682,1396,1171,447,57100
56240,49057200200,49,057,200200,7561,2487,7561,4000,173,917,1147,1149,279,267,2487,163,346,101,141,105,133,89,129,118,137,72,126,132,94,93,27,54,33,111,101,103,66,0,0,25773,2495,1678,380,49500
56241,49057200300,49,057,200300,3601,1330,3601,1978,181,510,607,517,73,70,1330,152,179,102,71,85,67,89,66,102,64,83,59,65,35,14,13,15,0,12,17,27,7,6,0,20253,1385,828,314,49200
56242,49057200400,49,057,200400,1838,684,1838,991,73,247,263,272,94,42,684,37,109,37,60,60,10,80,25,51,40,23,47,13,18,11,6,0,0,17,11,17,6,6,0,20906,625,356,374,39300
56243,49057200500,49,057,200500,5011,1991,5011,2946,89,562,743,904,233,343,1991,142,174,96,93,127,120,119,144,153,109,94,92,109,82,22,35,38,0,69,44,81,48,0,0,24661,1995,1290,387,49800
56244,49057200600,49,057,200600,4306,1536,4306,2701,119,277,744,811,199,426,1536,20,97,57,21,76,85,102,65,108,51,72,49,107,72,70,53,46,67,87,71,107,31,13,0,33214,1523,1086,400,65000
56245,49057200700,49,057,200700,3193,1305,3193,2022,74,275,528,553,110,388,1305,40,82,105,35,95,81,77,38,78,81,67,60,56,109,101,55,25,15,54,25,15,7,4,0,28164,1258,857,422,54900
56246,49057200800,49,057,200800,3873,1687,3873,2358,238,520,685,533,181,185,1687,173,357,97,108,94,119,114,108,66,49,86,53,49,35,36,32,29,0,14,7,46,8,0,0,17805,1665,779,286,41800
56247,49057200900,49,057,200900,3708,1720,3708,2224,340,505,631,356,196,145,1720,256,342,157,153,124,93,95,112,48,83,21,38,34,20,58,8,10,0,49,6,13,0,0,0,14216,1725,288,274,38000
56248,49057201100,49,057,201100,1349,323,1349,908,246,185,251,151,31,27,323,70,65,38,27,0,6,12,13,10,12,13,21,0,0,9,5,0,0,0,0,4,18,0,0,11743,355,90,188,23000
56249,49057201200,49,057,201200,1877,709,1877,1107,299,244,291,192,36,19,709,201,138,56,32,37,21,75,25,37,21,8,23,9,0,21,0,0,0,0,0,0,0,0,5,10692,688,273,273,33900
56250,49057201300,49,057,201300,5102,2082,5102,2803,314,642,712,613,202,214,2082,139,331,143,124,156,153,166,119,88,53,128,107,68,68,46,39,51,20,42,17,24,0,0,0,19918,2069,929,284,41600
56251,49057201400,49,057,201400,3405,1300,3405,2160,50,121,410,578,209,568,1300,26,82,50,29,55,68,44,62,56,65,74,47,55,55,51,51,17,35,89,92,101,78,11,0,34574,1315,1058,414,69700
56252,49057201500,49,057,201500,3206,1145,3206,1952,55,119,373,536,164,435,1145,92,146,77,30,35,35,31,42,5,42,49,55,27,13,53,17,40,10,58,42,137,35,42,15,31913,1125,849,164,83200
56253,49057201600,49,057,201600,3528,1511,3528,2283,148,236,588,536,173,408,1511,86,128,60,126,101,73,67,123,140,9,101,54,40,51,61,30,29,43,52,49,57,4,6,15,24827,1500,854,376,59900
56254,49057201700,49,057,201700,2559,976,2559,1492,98,181,516,444,125,101,976,30,106,72,83,68,78,88,37,66,64,22,33,20,54,21,40,37,30,0,8,14,5,0,0,21449,984,569,323,45000
56255,49057201800,49,057,201800,1784,702,1784,1091,209,292,283,199,47,42,702,74,150,75,27,44,19,28,43,49,22,71,3,20,30,6,0,8,0,9,13,11,0,0,0,16420,695,406,319,36100
56256,49057201900,49,057,201900,1152,365,1152,559,119,197,130,75,10,13,365,49,62,38,18,48,28,21,19,0,16,12,4,5,0,3,18,8,0,3,7,0,6,0,0,15807,384,204,277,31500
56257,49057202000,49,057,202000,3346,1178,3346,2032,32,122,252,559,247,536,1178,39,57,40,21,32,59,20,32,33,44,52,35,36,35,19,39,16,35,59,120,96,130,43,51,44744,1185,767,441,130500
56258,49057210100,49,057,210100,3954,1106,3954,2179,51,166,582,742,171,314,1106,25,50,18,54,46,30,40,10,42,51,72,58,41,67,40,67,65,13,64,44,122,47,12,0,38097,1149,966,463,88900
56259,49057210201,49,057,210201,3562,938,3562,1819,25,84,435,525,144,414,938,33,12,16,0,4,17,38,23,30,46,49,38,57,18,48,49,57,37,71,73,102,100,7,6,44541,940,876,632,84300
56260,49057210202,49,057,210202,5654,1436,5654,2677,29,147,690,831,205,541,1436,37,40,29,17,76,41,60,48,81,53,75,61,53,73,97,118,45,31,118,96,118,46,12,0,39110,1483,1258,400,74900
56261,49057210301,49,057,210301,5634,1660,5634,3083,37,195,544,1003,294,729,1660,31,53,16,6,42,57,50,53,85,27,91,73,86,79,142,45,65,49,104,92,191,168,35,17,41426,1640,1536,392,90300
56262,49057210302,49,057,210302,3368,971,3368,1696,15,280,507,579,120,146,971,13,47,27,28,30,32,79,57,37,69,63,57,100,29,57,26,37,18,47,44,74,0,0,0,32654,998,824,369,68700
56263,49057210400,49,057,210400,8315,2315,8315,4231,112,556,1438,1249,334,441,2315,22,87,39,76,93,70,92,97,169,97,179,67,144,110,97,133,143,93,182,93,152,62,9,7,36207,2332,2079,371,70300
56264,49057210501,49,057,210501,6369,2291,6369,3484,90,307,1175,1180,244,387,2291,83,79,99,123,97,111,165,113,100,102,171,158,65,54,140,53,85,39,109,136,107,57,20,0,31075,2299,1499,383,74700
56265,49057210503,49,057,210503,7137,1937,7137,3329,68,230,1184,1097,344,352,1937,34,47,32,23,22,51,56,96,126,81,154,136,105,111,108,94,67,83,143,64,206,91,0,7,37624,1928,1812,510,71200
56266,49057210504,49,057,210504,3802,985,3802,1867,19,171,733,607,113,166,985,18,40,39,21,20,32,37,39,34,82,77,40,44,8,71,32,78,45,38,62,97,27,4,0,35767,988,915,556,79900
56267,49057210505,49,057,210505,3469,1030,3469,1829,67,181,698,522,135,175,1030,22,59,12,32,40,65,30,18,65,49,24,65,56,35,47,73,17,47,54,53,96,61,0,5,36518,1035,884,369,83200
56268,49057210600,49,057,210600,5999,1998,5999,3521,55,343,1084,1110,185,577,1998,79,74,57,103,96,71,71,94,109,77,71,78,104,70,47,80,66,78,109,100,177,171,0,8,35457,1978,1653,382,67000
56269,49057210701,49,057,210701,5072,1769,5072,3016,66,367,920,970,227,390,1769,56,125,113,63,95,89,55,69,127,91,76,65,103,45,65,54,34,55,97,68,135,82,7,0,30049,1826,1233,358,65000
56270,49057210702,49,057,210702,7948,2288,7948,4121,134,358,1456,1360,318,402,2288,29,47,68,42,36,56,130,76,211,146,118,112,116,129,267,68,100,92,130,113,117,73,9,3,36573,2307,1838,399,63500
56271,49057210800,49,057,210800,2985,1119,2985,1718,63,311,557,442,128,155,1119,30,150,71,63,66,69,55,58,70,47,75,57,50,38,23,31,47,29,32,25,19,0,9,0,24892,1134,688,366,48300
56272,49057210900,49,057,210900,5120,1732,5120,3125,62,222,750,900,301,629,1732,36,46,45,23,65,82,65,73,89,78,96,120,105,20,54,78,52,41,69,108,181,128,34,34,36143,1752,1405,396,81600
56273,49057211000,49,057,211000,3059,1069,3059,1946,54,383,749,490,83,135,1069,34,87,53,5,61,38,71,80,95,28,56,26,44,49,26,65,24,47,60,31,17,64,8,0,28438,1073,926,456,52700
56274,49057211100,49,057,211100,5053,1729,5053,2874,167,243,1002,782,225,358,1729,64,115,105,39,86,114,120,101,106,97,114,49,28,64,73,47,45,24,105,66,135,32,0,0,27874,1705,1029,354,66300
56275,49057211201,49,057,211201,4104,1272,4104,2211,14,123,360,721,160,485,1272,21,10,21,62,43,29,46,25,29,28,85,45,76,51,67,22,18,12,83,69,179,127,37,20,42425,1276,970,398,106900
56276,49057211202,49,057,211202,3265,1059,3265,1997,75,208,502,525,117,368,1059,26,33,30,28,40,8,35,45,40,51,76,21,56,41,67,55,45,20,59,28,164,41,23,11,39970,1043,911,413,84100
